{
  "n_rows": 771,
  "n_matches": 71,
  "in_sample_r2": 0.05324336720729539,
  "in_sample_adj_r2": 0.03058163929470392,
  "coefficients": {
    "const": {
      "coef": 3.0515792082190005,
      "p_value": 0.2140630091854827
    },
    "gap": {
      "coef": -15.03799937530712,
      "p_value": 0.1920793858145402
    },
    "abs_gap": {
      "coef": -6.976554683325701,
      "p_value": 0.6465853732871969
    },
    "elo_diff": {
      "coef": 0.005609260800075684,
      "p_value": 0.025178559618085707
    },
    "draw_probability": {
      "coef": 0.5638545569362564,
      "p_value": 0.9493173005920796
    },
    "rest_days_diff": {
      "coef": 0.04416256017596889,
      "p_value": 0.027038735208777552
    },
    "squad_value_diff_m": {
      "coef": -3.4570096114741785e-05,
      "p_value": 0.98150035716228
    },
    "is_player_prop": {
      "coef": 4.870097902484052,
      "p_value": 7.28902174192961e-08
    },
    "rule1_fired": {
      "coef": 0.10223102106392348,
      "p_value": 0.9566480398865383
    },
    "rule5_fired": {
      "coef": 7.236023100280779,
      "p_value": 0.1760281032144284
    },
    "rule7_fired": {
      "coef": -1.7220651152943707,
      "p_value": 0.3179764714486528
    },
    "rule8_fired": {
      "coef": -0.011297640240152581,
      "p_value": 0.9916525762912473
    },
    "rule10_fired": {
      "coef": -1.5643538214912576,
      "p_value": 0.4540194362784531
    },
    "rule12_fired": {
      "coef": -0.2986655093657009,
      "p_value": 0.8137585997094099
    },
    "rule13_fired": {
      "coef": 5.236515139398328,
      "p_value": 0.00028617357404819594
    },
    "rule14_fired": {
      "coef": -0.88174731774672,
      "p_value": 0.8541937818131071
    },
    "rule15_fired": {
      "coef": -0.8378912200707983,
      "p_value": 0.6170811052004384
    },
    "elo_context_missing": {
      "coef": 3.4163424387543477,
      "p_value": 0.0007363789245756719
    },
    "squad_value_diff_m_missing": {
      "coef": -0.8993522223277262,
      "p_value": 0.31957882845862506
    }
  },
  "significant_at_5pct": {
    "elo_diff": {
      "coef": 0.005609260800075684,
      "p_value": 0.025178559618085707
    },
    "rest_days_diff": {
      "coef": 0.04416256017596889,
      "p_value": 0.027038735208777552
    },
    "is_player_prop": {
      "coef": 4.870097902484052,
      "p_value": 7.28902174192961e-08
    },
    "rule13_fired": {
      "coef": 5.236515139398328,
      "p_value": 0.00028617357404819594
    },
    "elo_context_missing": {
      "coef": 3.4163424387543477,
      "p_value": 0.0007363789245756719
    }
  },
  "walk_forward": {
    "r2_model": -0.01716398625344051,
    "mse_model": 178.23360593148755,
    "r2_baseline": -0.019471949759889418,
    "mse_baseline": 178.63802121129686,
    "n_test": 445
  },
  "grouped_kfold": {
    "r2_model": -0.05158568679706588,
    "mse_model": 157.22589132593362,
    "r2_baseline": -0.0005289658736526981,
    "mse_baseline": 149.5922400161548,
    "n_test": 771
  }
}