{
  "question_level": {
    "n_low": 394,
    "n_high": 377,
    "mean_low": 3.0239086294416246,
    "mean_high": 4.435490716180371,
    "mean_diff": 1.411582086738746,
    "ci_95": [
      -0.35197341190486586,
      3.175137585382358
    ],
    "t_stat": 1.5731730148225942,
    "p_value": 0.11640659052676221,
    "levene_stat": 192.30972087561713,
    "levene_p": 3.4179715590272475e-39,
    "cohens_d": 0.11548531302241259,
    "median_split": 0.050000000000000044
  },
  "match_level": {
    "n_low": 36,
    "n_high": 35,
    "mean_low": 4.132362891737893,
    "mean_high": 2.4484071428571426,
    "mean_diff": -1.6839557488807504,
    "ci_95": [
      -3.413638876819464,
      0.04572737905796309
    ],
    "t_stat": -1.9436941726900356,
    "p_value": 0.056187659563619305,
    "levene_stat": 2.5017808452399257,
    "levene_p": 0.11829102984810268,
    "cohens_d": -0.4625761894623235,
    "median_split": 0.07266666666666667
  }
}