{
  "To_qualify": {
    "Argentina": {
      "bid": 0.7407,
      "offer": 0.7519,
      "mid": 0.7463
    },
    "Switzerland": {
      "bid": 0.2564,
      "offer": 0.2632,
      "mid": 0.25980000000000003
    }
  },
  "HT_correct_score": {
    "0 - 0": {
      "bid": 0.3759,
      "offer": 0.3968,
      "mid": 0.38634999999999997
    },
    "0 - 1": {
      "bid": 0.1111,
      "offer": 0.119,
      "mid": 0.11505
    },
    "0 - 2": {
      "bid": 0.0143,
      "offer": 0.0182,
      "mid": 0.01625
    },
    "1 - 0": {
      "bid": 0.2439,
      "offer": 0.2597,
      "mid": 0.2518
    },
    "1 - 1": {
      "bid": 0.069,
      "offer": 0.087,
      "mid": 0.078
    },
    "1 - 2": {
      "bid": 0.0111,
      "offer": 0.0133,
      "mid": 0.012199999999999999
    },
    "2 - 0": {
      "bid": 0.0741,
      "offer": 0.0833,
      "mid": 0.07869999999999999
    },
    "2 - 1": {
      "bid": 0.0238,
      "offer": 0.0278,
      "mid": 0.0258
    },
    "2 - 2": {
      "bid": 0.0048,
      "offer": 0.0053,
      "mid": 0.00505
    },
    "Any other score": {
      "bid": 0.0294,
      "offer": 0.0345,
      "mid": 0.03195
    }
  },
  "HT_result": {
    "Argentina": {
      "bid": 0.3876,
      "offer": 0.3968,
      "mid": 0.3922
    },
    "Switzerland": {
      "bid": 0.1429,
      "offer": 0.1515,
      "mid": 0.1472
    },
    "Draw": {
      "bid": 0.463,
      "offer": 0.4717,
      "mid": 0.46735000000000004
    }
  },
  "OU_2.5_goals": {
    "Under 2.5 goals": {
      "bid": 0.578,
      "offer": 0.6024,
      "mid": 0.5902000000000001
    },
    "Over 2.5 goals": {
      "bid": 0.4032,
      "offer": 0.4167,
      "mid": 0.40995000000000004
    }
  },
  "Switzerland_SOT_OU2.5": {
    "Under 2.5 shots on target": {
      "bid": 0.3623,
      "offer": 0.4464,
      "mid": 0.40435
    },
    "Over 2.5 shots on target": {
      "bid": 0.5556,
      "offer": 0.6369,
      "mid": 0.59625
    }
  },
  "Anytime_goalscorer": {
    "Lionel Messi": {
      "bid": 0.4425,
      "offer": 0.463,
      "mid": 0.45275
    },
    "Exequiel Palacios": {
      "bid": null,
      "offer": 0.125,
      "mid": 0.125
    },
    "Gonzalo Montiel": {
      "bid": null,
      "offer": 0.0741,
      "mid": 0.0741
    },
    "Lautaro Mart\u00ednez": {
      "bid": null,
      "offer": 0.303,
      "mid": 0.303
    },
    "Nicolas Ivan Gonzalez": {
      "bid": null,
      "offer": 0.1389,
      "mid": 0.1389
    },
    "Alexis Mac Allister": {
      "bid": null,
      "offer": 0.119,
      "mid": 0.119
    },
    "Marcos Senesi": {
      "bid": null,
      "offer": 0.0513,
      "mid": 0.0513
    },
    "Cristian Gabriel Romero": {
      "bid": null,
      "offer": 0.069,
      "mid": 0.069
    },
    "Facundo Medina": {
      "bid": null,
      "offer": 0.04,
      "mid": 0.04
    },
    "Lisandro Martinez": {
      "bid": null,
      "offer": 0.0571,
      "mid": 0.0571
    },
    "Thiago Almada": {
      "bid": null,
      "offer": 0.1818,
      "mid": 0.1818
    },
    "Julian Alvarez": {
      "bid": null,
      "offer": 0.303,
      "mid": 0.303
    },
    "Enzo Jerem\u00edas Fern\u00e1ndez": {
      "bid": null,
      "offer": 0.1429,
      "mid": 0.1429
    },
    "Valentin Barco": {
      "bid": null,
      "offer": 0.1163,
      "mid": 0.1163
    },
    "Jose Manuel Lopez": {
      "bid": null,
      "offer": 0.3448,
      "mid": 0.3448
    },
    "Giuliano Simeone": {
      "bid": null,
      "offer": 0.1852,
      "mid": 0.1852
    },
    "Nahuel Molina": {
      "bid": null,
      "offer": 0.0645,
      "mid": 0.0645
    },
    "Nicol\u00e1s Paz Mart\u00ednez": {
      "bid": null,
      "offer": 0.2778,
      "mid": 0.2778
    },
    "Nicol\u00e1s Otamendi": {
      "bid": null,
      "offer": 0.0625,
      "mid": 0.0625
    },
    "Leandro Daniel Paredes": {
      "bid": null,
      "offer": 0.1,
      "mid": 0.1
    },
    "Rodrigo Javier De Paul": {
      "bid": null,
      "offer": 0.087,
      "mid": 0.087
    },
    "Giovani Lo Celso": {
      "bid": null,
      "offer": 0.1667,
      "mid": 0.1667
    },
    "Nicol\u00e1s Alejandro Tagliafico": {
      "bid": null,
      "offer": 0.0741,
      "mid": 0.0741
    },
    "Noah Okafor": {
      "bid": null,
      "offer": 0.1351,
      "mid": 0.1351
    },
    "Dan Ndoye": {
      "bid": null,
      "offer": 0.125,
      "mid": 0.125
    },
    "Ardon Jashari": {
      "bid": null,
      "offer": 0.0625,
      "mid": 0.0625
    },
    "Fabian Rieder": {
      "bid": null,
      "offer": 0.0769,
      "mid": 0.0769
    },
    "Aurele Amenda": {
      "bid": null,
      "offer": 0.0333,
      "mid": 0.0333
    },
    "Zeki Amdouni": {
      "bid": null,
      "offer": 0.1667,
      "mid": 0.1667
    },
    "Johan Manzambi": {
      "bid": null,
      "offer": 0.122,
      "mid": 0.122
    },
    "Luca Jaquez": {
      "bid": null,
      "offer": 0.0333,
      "mid": 0.0333
    },
    "Ricardo Rodriguez": {
      "bid": null,
      "offer": 0.0385,
      "mid": 0.0385
    },
    "Granit Xhaka": {
      "bid": null,
      "offer": 0.0741,
      "mid": 0.0741
    },
    "Remo Freuler": {
      "bid": null,
      "offer": 0.0513,
      "mid": 0.0513
    },
    "Silvan Widmer": {
      "bid": null,
      "offer": 0.04,
      "mid": 0.04
    },
    "Breel Donald Embolo": {
      "bid": null,
      "offer": 0.1887,
      "mid": 0.1887
    },
    "Nico Elvedi": {
      "bid": null,
      "offer": 0.0385,
      "mid": 0.0385
    },
    "Miro Muheim": {
      "bid": null,
      "offer": 0.0476,
      "mid": 0.0476
    },
    "Denis Zakaria": {
      "bid": null,
      "offer": 0.0417,
      "mid": 0.0417
    },
    "Manuel Akanji": {
      "bid": null,
      "offer": 0.0385,
      "mid": 0.0385
    },
    "Eray Comert": {
      "bid": null,
      "offer": 0.0385,
      "mid": 0.0385
    },
    "Djibril Sow": {
      "bid": null,
      "offer": 0.0513,
      "mid": 0.0513
    },
    "Cedric Itten": {
      "bid": null,
      "offer": 0.1724,
      "mid": 0.1724
    },
    "Christian Fassnacht": {
      "bid": null,
      "offer": 0.125,
      "mid": 0.125
    },
    "Michel Aebischer": {
      "bid": null,
      "offer": 0.0541,
      "mid": 0.0541
    },
    "Ruben Vargas": {
      "bid": null,
      "offer": 0.1111,
      "mid": 0.1111
    },
    "417205451": {
      "bid": null,
      "offer": null,
      "mid": null
    }
  },
  "Player_score_or_assist": {
    "Lionel Messi": {
      "bid": 0.5263,
      "offer": 0.625,
      "mid": 0.57565
    },
    "Exequiel Palacios": {
      "bid": null,
      "offer": null,
      "mid": null
    },
    "Gonzalo Montiel": {
      "bid": null,
      "offer": 0.2381,
      "mid": 0.2381
    },
    "Lautaro Mart\u00ednez": {
      "bid": null,
      "offer": 0.4545,
      "mid": 0.4545
    },
    "Nicolas Ivan Gonzalez": {
      "bid": null,
      "offer": null,
      "mid": null
    },
    "Alexis Mac Allister": {
      "bid": null,
      "offer": 0.2667,
      "mid": 0.2667
    },
    "Marcos Senesi": {
      "bid": null,
      "offer": null,
      "mid": null
    },
    "Cristian Gabriel Romero": {
      "bid": null,
      "offer": 0.1351,
      "mid": 0.1351
    },
    "Facundo Medina": {
      "bid": null,
      "offer": 0.1667,
      "mid": 0.1667
    },
    "Lisandro Martinez": {
      "bid": null,
      "offer": 0.1136,
      "mid": 0.1136
    },
    "Thiago Almada": {
      "bid": null,
      "offer": null,
      "mid": null
    },
    "Julian Alvarez": {
      "bid": null,
      "offer": 0.5,
      "mid": 0.5
    },
    "Enzo Jerem\u00edas Fern\u00e1ndez": {
      "bid": null,
      "offer": 0.2985,
      "mid": 0.2985
    },
    "Valentin Barco": {
      "bid": null,
      "offer": null,
      "mid": null
    },
    "Jose Manuel Lopez": {
      "bid": null,
      "offer": null,
      "mid": null
    },
    "Giuliano Simeone": {
      "bid": null,
      "offer": null,
      "mid": null
    },
    "Nahuel Molina": {
      "bid": null,
      "offer": 0.1887,