question,n,brier_walk_forward,brier_naive_0.5,improvement,hit_rate,live_rate_today
Q5 goal-in-each-half,94,0.2505287153905027,0.25,-0.0005287153905026987,0.574468085106383,0.58
Q7 stoppage-time goal,94,0.23795890043597862,0.25,0.012041099564021385,0.3617021276595745,0.36
Q8 both-teams-carded,94,0.25712279697290913,0.25,-0.007122796972909129,0.5425531914893617,0.55
Q10 card-before-first-goal,94,0.2336176861163653,0.25,0.016382313883634703,0.35106382978723405,0.35
