{
  "FTR": {
    "Canada": {
      "offer": 0.7692,
      "bid": 0.7634,
      "mid": 0.7663,
      "liquid": true
    },
    "Qatar": {
      "offer": 0.0769,
      "bid": 0.0741,
      "mid": 0.0755,
      "liquid": true
    },
    "Draw": {
      "offer": 0.1667,
      "bid": 0.1562,
      "mid": 0.16144999999999998,
      "liquid": true
    }
  },
  "OU2.5": {
    "Under 2.5 goals": {
      "offer": 0.431,
      "bid": 0.4167,
      "mid": 0.42385,
      "liquid": true
    },
    "Over 2.5 goals": {
      "offer": 0.5848,
      "bid": 0.5714,
      "mid": 0.5781000000000001,
      "liquid": true
    }
  },
  "OU1.5": {
    "Under 1.5 goals": {
      "offer": 0.2,
      "bid": 0.1852,
      "mid": 0.1926,
      "liquid": true
    },
    "Over 1.5 goals": {
      "offer": 0.8264,
      "bid": 0.7937,
      "mid": 0.8100499999999999,
      "liquid": true
    }
  },
  "Penalty": {
    "Yes": {
      "offer": 0.3125,
      "bid": 0.2703,
      "mid": 0.2914,
      "liquid": true
    },
    "No": {
      "offer": 0.7299,
      "bid": 0.6944,
      "mid": 0.7121500000000001,
      "liquid": true
    }
  },
  "2H_result": {
    "Canada": {
      "offer": 0.6211,
      "bid": 0.5714,
      "mid": 0.59625,
      "liquid": true
    },
    "Qatar": {
      "offer": 0.122,
      "bid": 0.0833,
      "mid": 0.10264999999999999,
      "liquid": true
    },
    "Draw": {
      "offer": 0.3175,
      "bid": 0.2703,
      "mid": 0.2939,
      "liquid": true
    }
  },
  "2H_OU1.5": {
    "Under 1.5 goals": {
      "offer": 0.5236,
      "bid": 0.4808,
      "mid": 0.5022,
      "liquid": true
    },
    "Over 1.5 goals": {
      "offer": 0.5128,
      "bid": 0.4717,
      "mid": 0.49225,
      "liquid": true
    }
  },
  "2H_OU0.5": {
    "Under 0.5 goals": {
      "offer": 0.2041,
      "bid": 0.1613,
      "mid": 0.1827,
      "liquid": true
    },
    "Over 0.5 goals": {
      "offer": 0.8403,
      "bid": 0.7937,
      "mid": 0.817,
      "liquid": true
    }
  },
  "2H_CAN_OU0.5": {
    "Under 0.5 goals": {
      "offer": 0.2985,
      "bid": 0.2439,
      "mid": 0.2712,
      "liquid": true
    },
    "Over 0.5 goals": {
      "offer": 0.7519,
      "bid": 0.6993,
      "mid": 0.7256,
      "liquid": true
    }
  },
  "2H_QAT_OU0.5": {
    "Under 0.5 goals": {
      "offer": 0.7092,
      "bid": 0.6579,
      "mid": 0.6835500000000001,
      "liquid": true
    },
    "Over 0.5 goals": {
      "offer": 0.3378,
      "bid": 0.2857,
      "mid": 0.31174999999999997,
      "liquid": true
    }
  },
  "Cards_OU1.5": {
    "Under 1.5 cards": {
      "offer": 0.2222,
      "bid": 0.119,
      "mid": 0.1706,
      "liquid": true
    },
    "Over 1.5 cards": {
      "offer": 0.885,
      "bid": 0.7752,
      "mid": 0.8301000000000001,
      "liquid": true
    }
  },
  "Cards_OU2.5": {
    "Under 2.5 cards": {
      "offer": 0.3876,
      "bid": null,
      "mid": 0.366282,
      "liquid": false
    },
    "Over 2.5 cards": {
      "offer": 0.7143,
      "bid": 0.5376,
      "mid": 0.62595,
      "liquid": true
    }
  },
  "AH_CAN_minus0.5": {
    "Canada -0.5": {
      "offer": 0.7752,
      "bid": 0.7407,
      "mid": 0.75795,
      "liquid": true
    },
    "Qatar +0.5": {
      "offer": 0.25,
      "bid": 0.2326,
      "mid": 0.24130000000000001,
      "liquid": true
    }
  },
  "QAT_corners_OU4.5": {
    "Under 4.5 corners": {
      "offer": 0.885,
      "bid": 0.8403,
      "mid": 0.86265,
      "liquid": true
    },
    "Over 4.5 corners": {
      "offer": 0.1613,
      "bid": 0.1064,
      "mid": 0.13385,
      "liquid": true
    }
  },
  "QAT_corners_OU3.5": {
    "Under 3.5 corners": {
      "offer": 0.7812,
      "bid": 0.7092,
      "mid": 0.7452000000000001,
      "liquid": true
    },
    "Over 3.5 corners": {
      "offer": 0.2667,
      "bid": 0.2222,
      "mid": 0.24445,
      "liquid": true
    }
  },
  "CAN_SOT_OU4.5": {
    "Under 4.5 shots on target": {
      "offer": 0.3175,
      "bid": 0.2041,
      "mid": 0.26080000000000003,
      "liquid": true
    },
    "Over 4.5 shots on target": {
      "offer": 0.8264,
      "bid": 0.6667,
      "mid": 0.74655,
      "liquid": true
    }
  },
  "QAT_SOT_OU2.5": {
    "Under 2.5 shots on target": {
      "offer": 0.6024,
      "bid": 0.4902,
      "mid": 0.5463,
      "liquid": true
    },
    "Over 2.5 shots on target": {
      "offer": 0.5128,
      "bid": 0.4167,
      "mid": 0.46475,
      "liquid": true
    }
  },
  "PlayerSOT_0.5plus": {
    "Stephan Eust\u00e1quio": {
      "offer": 0.2632,
      "bid": 0.2083,
      "mid": 0.23575000000000002,
      "liquid": true
    },
    "405451254": {
      "offer": null,
      "bid": null,
      "mid": null,
      "liquid": false
    },
    "Jonathan David": {
      "offer": 0.7143,
      "bid": 0.6536,
      "mid": 0.6839500000000001,
      "liquid": true
    },
    "405451256": {
      "offer": null,
      "bid": null,
      "mid": null,
      "liquid": false
    },
    "405451257": {
      "offer": null,
      "bid": null,
      "mid": null,
      "liquid": false
    },
    "405451258": {
      "offer": null,
      "bid": null,
      "mid": null,
      "liquid": false
    },
    "Liam Millar": {
      "offer": 0.6329,
      "bid": null,
      "mid": 0.5980905,
      "liquid": false
    },
    "Derek Cornelius": {
      "offer": 0.2899,
      "bid": 0.2041,
      "mid": 0.247,
      "liquid": true
    },
    "405451261": {
      "offer": null,
      "bid": null,
      "mid": null,
      "liquid": false
    },
    "405451262": {
      "offer": null,
      "bid": null,
      "mid": null,
      "liquid": false
    },
    "Jacob Shaffelburg": {
      "offer": 0.6494,
      "bid": null,
      "mid": 0.613683,
      "liquid": false
    },
    "405451264": {
      "offer": null,
      "bid": null,
      "mid": null,
      "liquid": false
    },
    "Alistair Johnston": {
      "offer": 0.1923,
      "bid": 0.1316,
      "mid": 0.16194999999999998,
      "liquid": true
    },
    "Joel Waterman": {
      "offer": 0.2174,
      "bid": null,
      "mid": 0.205443,
      "liquid": false
    },
    "405451267": {
      "offer": null,
      "bid": null,
      "mid": null,
      "liquid": false
    },
    "Jayden Nelson": {
      "offer": 0.6536,
      "bid": null,
      "mid": 0.617652,
      "liquid": false
    },
    "Tajon Buchanan": {
      "offer": 0.495,
      "bid": 0.4673,
      "mid": 0.48114999999999997,
      "liquid": true
    },
    "405451270": {
      "offer": null,
      "bid": null,
      "mid": null,
      "liquid": false
    },
    "405451271": {
      "offer": null,
      "bid": null,
      "mid": null,
      "liquid": false
    },
    "Nathan-Dylan Saliba": {
      "offer": 0.495,
      "bid": null,
      "mid": 0.467775,
      "liquid": false
    },
    "405451273": {
      "offer": null,
      "bid": null,
      "mid": null,
      "liquid": false
    },
    "Isma\u00ebl Kon\u00e9": {
      "offer": 0.4,
      "bid": 0.3077,
      "mid": 0.35385,
      "liquid": true
    },
    "Tani Oluwaseyi": {
      "offer": 0.7634,
      "bid": null,
      "mid": 0.721413,
      "liquid": false
    },
    "405451276": {
      "offer": null,
      "bid": null,
      "mid": null,
      "liquid": false
    },
    "405451277": {
      "offer": null,
      "bid": null,
      "mid": null,
      "liquid": false
    },
    "Luc De Fougerolles": {
      "offer": 0.2041,
      "bid": null,
      "mid": 0.1928745,
      "liquid": false
    },
    "Moise Bombito": {
      "offer": 0.2817,
      "bid": null,
      "mid": 0.2662065,
      "liquid": false
    },
    "405451280": {
      "offer": null,
      "bid": null,
      "mid": null,
      "liquid": false
    },
    "405451281": {
      "offer": null,
      "bid": null,
      "mid": null,
      "liquid": false
    },
    "Promise David": {
      "offer": 0.7812,
      "bid": null,
      "mid": 0.738234,
      "liquid": false
    },
    "Niko Sigur": {
      "offer": 0.3279,
      "bid": null,