{
  "FTR": {
    "SUI": {
      "bid": 0.6211,
      "offer": 0.625,
      "mid": 0.62305
    },
    "Draw": {
      "bid": 0.2273,
      "offer": 0.2326,
      "mid": 0.22995
    },
    "BIH": {
      "bid": 0.1429,
      "offer": 0.1471,
      "mid": 0.14500000000000002
    }
  },
  "OU2.5": {
    "Under2.5": {
      "bid": 0.4808,
      "offer": 0.5,
      "mid": 0.4904
    },
    "Over2.5": {
      "bid": 0.495,
      "offer": 0.5155,
      "mid": 0.50525
    }
  },
  "OU1.5": {
    "Under1.5": {
      "bid": 0.2326,
      "offer": 0.25,
      "mid": 0.24130000000000001
    },
    "Over1.5": {
      "bid": 0.7463,
      "offer": 0.7692,
      "mid": 0.7577499999999999
    }
  },
  "BTTS": {
    "BTTS_Yes": {
      "bid": 0.4854,
      "offer": 0.495,
      "mid": 0.49019999999999997
    },
    "BTTS_No": {
      "bid": 0.5076,
      "offer": 0.5155,
      "mid": 0.51155
    }
  },
  "BTTS+OU2.5": {
    "Yes_Over": {
      "bid": 0.3597,
      "offer": 0.3817,
      "mid": 0.37070000000000003
    },
    "Yes_Under": {
      "bid": 0.0952,
      "offer": 0.119,
      "mid": 0.1071
    },
    "No_Over": {
      "bid": 0.119,
      "offer": 0.1389,
      "mid": 0.12895
    },
    "No_Under": {
      "bid": 0.3759,
      "offer": 0.4,
      "mid": 0.38795
    }
  },
  "Penalty": {
    "Pen_Yes": {
      "bid": 0.2667,
      "offer": 0.3333,
      "mid": 0.3
    },
    "Pen_No": {
      "bid": 0.6711,
      "offer": 0.7353,
      "mid": 0.7032
    }
  },
  "2H_OU1.5": {
    "2H_Under1.5": {
      "bid": 0.5376,
      "offer": 0.578,
      "mid": 0.5578
    },
    "2H_Over1.5": {
      "bid": 0.4167,
      "offer": 0.4587,
      "mid": 0.4377
    }
  },
  "2H_SUI_OU0.5": {
    "SUI_2H_Under0.5": {
      "bid": 0.3175,
      "offer": 0.3676,
      "mid": 0.34255
    },
    "SUI_2H_Over0.5": {
      "bid": 0.625,
      "offer": 0.6803,
      "mid": 0.65265
    }
  },
  "2H_BIH_OU0.5": {
    "BIH_2H_Under0.5": {
      "bid": 0.6173,
      "offer": 0.6623,
      "mid": 0.6397999999999999
    },
    "BIH_2H_Over0.5": {
      "bid": 0.3356,
      "offer": 0.3846,
      "mid": 0.3601
    }
  },
  "Cards_OU2.5": {
    "Cards_Under2.5": {
      "bid": 0.3472,
      "offer": 0.3846,
      "mid": 0.3659
    },
    "Cards_Over2.5": {
      "bid": 0.578,
      "offer": 0.641,
      "mid": 0.6094999999999999
    }
  }
}