{
  "poisson_glm": {
    "intercept_se": 0.014130566352224204,
    "home_advantage_se": 0.021067842784892415,
    "elo_diff_se": 3.684594689756627e-05
  },
  "ordered_logit": {
    "b_elo_se": 0.00017584357423642,
    "b_home_se": 0.07452414973302104,
    "c1_se": 0.06428659141189104,
    "c2_se": 0.06343736902947233
  },
  "nb_dispersion": {
    "alpha_se": 0.013140277109277933,
    "rho_nb_se": null
  }
}