{
  "b_elo": 0.005198651336327533,
  "b_home": 0.37712678239339764,
  "c1": -0.7701762831894514,
  "c2": 0.5548680713632197,
  "xi_decay": 0.0008,
  "n_matches": 49400
}